{"Abtei Piz La Ila": {"coords": [722527.9677363508, 5160922.170433321], "scode": "61690SF", "alt": 2050}, "Abtei Piz Pisciad\u00f9": {"coords": [716638.1741070936, 5156970.014924378], "scode": "61720WS", "alt": 2985}, "Wolkenstein": {"coords": [712242.5448633183, 5158393.907673046], "scode": "73500MS", "alt": 1594}, "St. Martin in Thurn": {"coords": [721624.2786291352, 5173594.982584378], "scode": "62600MS", "alt": 1150}, "St. Veit in Prags": {"coords": [736936.3481504002, 5177817.38335653], "scode": "42700MS", "alt": 1285}, "Prags Rossalm": {"coords": [737994.1348215364, 5173329.886770956], "scode": "42830SF", "alt": 2340}}